<?xml version="1.0" encoding="UTF-8"?>
<project-private xmlns="http://www.netbeans.org/ns/project-private/1">
    <editor-bookmarks xmlns="http://www.netbeans.org/ns/editor-bookmarks/2" lastBookmarkId="0"/>
    <open-files xmlns="http://www.netbeans.org/ns/projectui-open-files/2">
        <group>
            <file>file:/C:/Users/nayen/OneDrive/Documents/School/Moreno%20Valley%20College/Courses/CIS-18B/Project/ProgrammerCalculator/src/programmercalculator/ProgrammerCalculator.java</file>
            <file>file:/C:/Users/nayen/OneDrive/Documents/School/Moreno%20Valley%20College/Courses/CIS-18B/Project/ProgrammerCalculator/src/programmercalculator/FXMLDocument.fxml</file>
            <file>file:/C:/Users/nayen/OneDrive/Documents/School/Moreno%20Valley%20College/Courses/CIS-18B/Project/ProgrammerCalculator/src/programmercalculator/ProgCalc.java</file>
            <file>file:/C:/Users/nayen/OneDrive/Documents/School/Moreno%20Valley%20College/Courses/CIS-18B/Project/ProgrammerCalculator/src/programmercalculator/FXMLDocumentController.java</file>
        </group>
    </open-files>
</project-private>
