<?xml version="1.0" encoding="UTF-8"?>
<project-private xmlns="http://www.netbeans.org/ns/project-private/1">
    <editor-bookmarks xmlns="http://www.netbeans.org/ns/editor-bookmarks/2" lastBookmarkId="0"/>
    <open-files xmlns="http://www.netbeans.org/ns/projectui-open-files/2">
        <group>
            <file>file:/C:/xampp/htdocs/ShoppingCart_JSV3/Login/includes/header.html</file>
            <file>file:/C:/xampp/htdocs/ShoppingCart_JSV3/index.php</file>
            <file>file:/C:/xampp/htdocs/ShoppingCart_JSV3/Login/includes/style.css</file>
            <file>file:/C:/xampp/htdocs/ShoppingCart_JSV3/register.php</file>
            <file>file:/C:/xampp/htdocs/ShoppingCart_JSV3/Login/Shop/checkout.php</file>
            <file>file:/C:/xampp/htdocs/ShoppingCart_JSV3/Login/admin/Catalog/edit_cat.php</file>
            <file>file:/C:/xampp/htdocs/ShoppingCart_JSV3/Login/admin/Catalog/includes/footer.html</file>
            <file>file:/C:/xampp/htdocs/ShoppingCart_JSV3/Login/Shop/view_cart.php</file>
            <file>file:/C:/xampp/htdocs/ShoppingCart_JSV3/Login/admin/view_users.php</file>
            <file>file:/C:/xampp/htdocs/ShoppingCart_JSV3/includes/header.html</file>
            <file>file:/C:/xampp/htdocs/ShoppingCart_JSV3/Connect.php</file>
            <file>file:/C:/xampp/htdocs/ShoppingCart_JSV3/Login/includes/footer.html</file>
            <file>file:/C:/xampp/htdocs/ShoppingCart_JSV3/Login/Shop/includes/footer.html</file>
            <file>file:/C:/xampp/htdocs/ShoppingCart_JSV3/Login/admin/edit_user.php</file>
            <file>file:/C:/xampp/htdocs/ShoppingCart_JSV3/Login/admin/Catalog/includes/display.html</file>
            <file>file:/C:/xampp/htdocs/ShoppingCart_JSV3/Login/Shop/includes/header.html</file>
            <file>file:/C:/xampp/htdocs/ShoppingCart_JSV3/Login/admin/includes/header.html</file>
            <file>file:/C:/xampp/htdocs/ShoppingCart_JSV3/Login/login.php</file>
        </group>
    </open-files>
</project-private>
